id,question,bing_answer,bing_answer_source_urls,bing_retrieved_source_urls,webiq_base_answer,webiq_base_answer_source_urls,webiq_base_retrieved_source_urls,webiq_optimized_answer,webiq_optimized_answer_source_urls,webiq_optimized_retrieved_source_urls
W1,9월 12일 인천공항 제1터미널 장기주차장에 일반 승용차를 24시간 세우면 얼마야?,"2026년 9월 12일 기준, 인천공항 **제1터미널 장기주차장**에 일반 승용차를 24시간 주차하면 **최대 9,000원**입니다. 경차·장애인·다자녀 등 할인 대상이 아니고, 주차대행료는 포함되지 않은 금액입니다. 【6:1†source】",https://perfectinfo.co.kr/entry/%EC%9D%B8%EC%B2%9C%EA%B3%B5%ED%95%AD-%EC%A0%9C1-%EC%97%AC%EA%B0%9D%ED%84%B0%EB%AF%B8%EB%84%90-%EC%A3%BC%EC%B0%A8%EC%9A%94%EA%B8%88-%EC%B4%9D-%EC%A0%95%EB%A6%AC%EB%8B%A8%EA%B8%B0%C2%B7%EC%9E%A5%EA%B8%B0%EC%A3%BC%EC%B0%A8%EC%9E%A5-%EA%B3%B5%EC%8B%9D-%EC%A3%BC%EC%B0%A8%EB%8C%80%ED%96%89-%EC%A3%BC%EC%B0%A8-%EC%98%88%EC%95%BD-%EC%A0%84%EA%B8%B0%EC%B0%A8-%EC%B6%A9%EC%A0%84%EC%86%8C%EA%B9%8C%EC%A7%80,NOT_EXPOSED,"인천공항 **제1터미널 장기주차장**에 일반 승용차를 **24시간** 주차하면 **9,000원**입니다. 경차·장애인 차량 등 감면 대상이 아니고, 24시간을 초과하면 추가 일수 요금이 붙습니다.",,"https://tripinfopeak.com/1%ED%84%B0%EB%AF%B8%EB%84%90-%EC%9E%A5%EA%B8%B0-%EC%A3%BC%EC%B0%A8%EC%9E%A5-%EC%A3%BC%EC%B0%A8-%EC%9A%94%EA%B8%88%EA%B3%BC-%EC%9E%90%EB%A6%AC-%EC%B0%BE%EB%8A%94-%ED%8C%81-2/
https://www.icn-info.co.kr/guide/incheon-parking-guide
https://tripyeyak.com/incheon-airport-parking-fee-2026/","2026년 9월 12일 기준, 인천공항 **제1터미널 장기주차장에 일반 승용차를 24시간 주차하면 9,000원**입니다. 일반 승용차는 소형차 요금이 적용되며, 24시간을 초과하면 하루 단위 요금이 추가됩니다.",,"https://avlab.co.kr/incheon-airport-long-term-parking-guide-2026/
https://tripinfopeak.com/1%ED%84%B0%EB%AF%B8%EB%84%90-%EC%9E%A5%EA%B8%B0-%EC%A3%BC%EC%B0%A8%EC%9E%A5-%EC%A3%BC%EC%B0%A8-%EC%9A%94%EA%B8%88%EA%B3%BC-%EC%9E%90%EB%A6%AC-%EC%B0%BE%EB%8A%94-%ED%8C%81-2/"
W2,9월 12일 토요일 김포공항 국내선 주차장에 승용차 하루 세우면 얼마야?,"9월 12일 토요일에는 김포공항 **국내선 주차장 승용차 1일 최대 요금이 3만 원**입니다. 기본 30분 1,000원, 이후 15분마다 500원이 부과되며, 경차·장애인 차량·다자녀 가정 등은 조건에 따라 할인될 수 있습니다. 【6:0†source】",https://m.blog.naver.com/1thth/224392541473,NOT_EXPOSED,"9월 12일 토요일, 김포공항 **국내선 제1·제2주차장에 승용차를 하루 주차하면 최대 3만 원**입니다. 기본요금은 30분 1,000원, 이후 15분당 500원이며 경차·저공해차량 등 감면 대상이면 할인될 수 있습니다.",,"https://flight.mustarddata.com/airports/GMP/parking/
https://nowboarding.kr/airport/gmp/parking
https://allnosun.com/terminal/7rS0s/parking/official-gmp-domestic-1
http://park.airport.co.kr/notice/notice.do
https://www.airport.co.kr/gimpo/parking/parkingFee.do
https://www.airport.co.kr/gimpo/parking/parkingCharge.do",9월 12일 토요일 김포공항 국내선 주차장에 승용차를 24시간 세우면 **3만 원**입니다. 경차·저공해차·장애인 차량 등은 조건에 따라 **50% 할인**될 수 있습니다.,,"https://flight.mustarddata.com/airports/GMP/parking/
https://ttplay.kr/%EA%B9%80%ED%8F%AC%EA%B3%B5%ED%95%AD-%EA%B5%AD%EB%82%B4%EC%84%A0-%EC%A3%BC%EC%B0%A8-%EC%9A%94%EA%B8%88-%EB%B0%8F-%ED%95%A0%EC%9D%B8-%EC%B4%9D%EC%A0%95%EB%A6%AC/"
W3,서울대공원 동물원에 소형견을 이동가방에 넣으면 들어갈 수 있어?,"아니요. **소형견을 이동가방에 넣어도 서울대공원 동물원 내부에는 입장할 수 없습니다.** 반려동물은 동물원·식물원·테마가든 내부 출입이 금지되며, 안내견만 예외입니다. 대신 공원 내 개방공간은 목줄·이름표와 배변봉투를 갖추면 이용할 수 있습니다. 【6:2†source】",https://blog.naver.com/digitalspoon/224031726071,NOT_EXPOSED,"아니요. **소형견이라도 이동가방이나 케이지에 넣어 서울대공원 동물원 내부에 들어갈 수 없습니다.** 반려견과 함께라면 동물원 밖 서울대공원 산책로·호수 주변만 이용하시고, 안내견은 예외입니다.",,"https://normad8282.com/gwacheon-grand-park-dog-guide/
https://blog.naver.com/skylift66/224258836771
https://heal-you.tistory.com/entry/%EC%84%9C%EC%9A%B8%EB%8C%80%EA%B3%B5%EC%9B%90-%EC%8A%A4%EC%B9%B4%EC%9D%B4-%EB%A6%AC%ED%94%84%ED%8A%B8-%EC%95%A0%EA%B2%AC%EB%8F%99%EB%B0%98-%EA%B0%95%EC%95%84%EC%A7%80-%ED%83%91%EC%8A%B9-%EC%B6%9C%EC%9E%85-%EC%9E%85%EC%9E%A5-%EC%A0%95%EB%B3%B4-%EB%93%B1","아니요. **소형견이라도 이동가방에 넣은 일반 반려견은 서울대공원 동물원 내부에 들어갈 수 없고, 안내견만 예외**로 안내됩니다. 반려견과는 동물원 외부 광장이나 호수 주변 산책로를 이용하시고, 정확한 현장 기준은 방문 전 서울대공원 고객센터(02-500-7335~7)에 확인해 주세요.",,"https://normad8282.com/gwacheon-grand-park-dog-guide/
https://heal-you.tistory.com/entry/%EC%84%9C%EC%9A%B8%EB%8C%80%EA%B3%B5%EC%9B%90-%EC%8A%A4%EC%B9%B4%EC%9D%B4-%EB%A6%AC%ED%94%84%ED%8A%B8-%EC%95%A0%EA%B2%AC%EB%8F%99%EB%B0%98-%EA%B0%95%EC%95%84%EC%A7%80-%ED%83%91%EC%8A%B9-%EC%B6%9C%EC%9E%85-%EC%9E%85%EC%9E%A5-%EC%A0%95%EB%B3%B4-%EB%93%B1
https://grandpark.seoul.go.kr/board/view/ko/S001006002001/B008.do?bbs_type=DF&bbs_no=103950
https://grandpark.seoul.go.kr/board/list/ko/S001001003007/B030.do?pageIndex=1"
W4,2026년 9월 기준으로 일반 승용차가 남산 서울타워 정상까지 올라갈 수 있어?,"아니요. **2026년 9월 기준 일반 승용차는 남산서울타워 정상까지 올라갈 수 없습니다.** 일반 차량의 남산 순환도로 통행이 제한되어 있어, 인근 주차장에 세운 뒤 케이블카·순환버스·도보 등을 이용해야 합니다. 【6:0†source】",https://avlab.co.kr/namsan-seoul-tower-parking-fee-2026/,NOT_EXPOSED,"아니요. **2026년 9월 기준 일반 승용차는 남산 순환도로 통행 제한으로 서울타워 정상까지 올라갈 수 없습니다.** 차량은 인근에 주차한 뒤 01A·01B 녹색순환버스, 케이블카 또는 도보를 이용해야 하며, 장애인 차량 등 일부 예외만 있습니다.",,"https://avlab.co.kr/namsan-seoul-tower-parking-fee-2026/
http://www.financialreview.co.kr/news/articleView.html?idxno=42870
https://www.mt.co.kr/estate/2026/09/05/2026090508215459255","아니요. **2026년 9월 기준 일반 승용차는 남산 순환도로를 통해 남산서울타워 정상까지 올라갈 수 없습니다.** 차량은 남산 자락 주차장에 세운 뒤 녹색순환버스나 케이블카를 이용해야 하며, 장애인 차량 등 일부 예외만 별도 통행이 허용됩니다.",,"https://avlab.co.kr/namsan-seoul-tower-parking-fee-2026/
https://avlab.co.kr/namsan-seoul-tower-parking-fee-guide/"
W5,9월 12일 서울역에서 인천공항 제1터미널 가는 공항철도 직통열차 성인 요금 얼마야?,"9월 12일 서울역에서 인천공항 **제1터미널까지 공항철도 직통열차 성인 요금은 13,000원**입니다. 현재 공식 안내 기준이며, 지정좌석제로 운행됩니다. cite6:1",,NOT_EXPOSED,"9월 12일 서울역에서 인천공항 제1터미널로 가는 공항철도 직통열차 **성인 편도 요금은 13,000원**입니다. 9월 6일 기준 안내 운임을 확인했으며, 할인 적용 시 요금은 달라질 수 있습니다.",,"https://mercidani.com/%EA%B3%B5%ED%95%AD%EC%B2%A0%EB%8F%84-%EC%A7%81%ED%86%B5%EC%97%B4%EC%B0%A8-%EA%B0%80%EA%B2%A9/
https://pluspodclick.com/ktx-%EC%84%9C%EC%9A%B8%EC%97%AD-%EA%B3%B5%ED%95%AD%EC%B2%A0%EB%8F%84-%EC%A7%81%ED%86%B5%EC%97%B4%EC%B0%A8-%EC%9A%94%EA%B8%88-%EB%B0%8F-%EC%8B%9C%EA%B0%84%ED%91%9C-%EC%95%88%EB%82%B4/
https://blog.danmap.co.kr/85","9월 12일 서울역에서 인천공항 제1터미널로 가는 공항철도 직통열차 성인 편도 요금은 **13,000원**입니다. 할인 적용 여부나 실제 판매가는 예매 화면에서 최종 확인해 주세요.",,"https://mercidani.com/%EA%B3%B5%ED%95%AD%EC%B2%A0%EB%8F%84-%EC%A7%81%ED%86%B5%EC%97%B4%EC%B0%A8-%EA%B0%80%EA%B2%A9/
https://blog.danmap.co.kr/85"
P1,광교호수공원 원천호수 근처에 자체 주차장 있는 카페 한 곳 찾아줘.,"광교호수공원 **원천호수에서 차로 가까운 ‘르디투어 광교’**를 추천해요. 경기 수원시 영통구 웰빙타운로36번길 46-234에 있으며, 카페 바로 옆에 **지상 전용 주차장**이 있고 매장 이용 시 주말 기준 **2시간 30분 무료**로 안내됩니다. 다만 원천호수 산책로 바로 앞은 아니어서 주차 후 이동이 필요해요. 【12:0†source】",https://blog.naver.com/superego_1/223856251580,NOT_EXPOSED,"**슬로 광교**를 추천해요. 경기 수원시 영통구 광교호수공원로 277, 중흥S클래스 3번 게이트 상가에 있고 원천호수 바로 앞입니다. 카페 전용 주차장은 아니지만 **건물 상가 자체 주차장**을 이용할 수 있으며, 카페 이용 후 주차 등록이 필요합니다.",,"https://www.bing.com/search?q=KeVWA&filters=local_ypid%3a%222F042CECDB96930A%22
https://www.bing.com/search?q=Kapeleog&filters=local_ypid%3a%2249E0FA6F34399DA0%22
http://coffeebanhada.com/
https://www.bing.com/search?q=%ed%85%8c%ec%9d%b4%ed%81%ac%ec%9b%a8%ec%9d%b4%eb%b8%8c&filters=local_ypid%3a%228EED427B83113803%22
https://www.mega-mgccoffee.com/
http://www.selecto.co.kr/
https://www.bing.com/search?q=%eb%94%94%ec%a0%80%ed%8a%b839+%ea%b4%91%ea%b5%90%ed%98%b8%ec%88%98%ea%b3%b5%ec%9b%90%ec%a0%90&filters=local_ypid%3a%223C344C96454922C9%22
https://www.bing.com/search?q=%eb%a5%b4%ed%95%98%ec%9e%84%ec%8a%a4%ed%84%b0%eb%94%94%ec%b9%b4%ed%8e%98+%ea%b4%91%ea%b5%90%ed%98%b8%ec%88%98%ea%b3%b5%ec%9b%90%ec%a0%90&filters=local_ypid%3a%226FB4683FB374CEC6%22
https://www.bing.com/search?q=Seullo&filters=local_ypid%3a%22977D186752E87D06%22
http://www.billyangel.co.kr/
https://avlab.co.kr/gwanggyo-lake-park-parking-fee-2026/
https://parkingtip.tistory.com/entry/%EA%B4%91%EA%B5%90%ED%98%B8%EC%88%98%EA%B3%B5%EC%9B%90-%EC%A3%BC%EC%B0%A8%EC%9E%A5-%EB%A7%8C%EC%B0%A8%EA%B1%B1%EC%A0%95%EC%97%86%EC%9D%B4-%EB%82%98%EB%93%A4%EC%9D%B4%ED%95%98%EB%8A%94-%EC%A3%BC%EC%B0%A8%EC%9E%A5-%EA%BF%80%ED%8C%81-%EC%86%8C%EA%B0%9C
https://hunnilife.com/%EA%B4%91%EA%B5%90%ED%98%B8%EC%88%98%EA%B3%B5%EC%9B%90-%EC%A3%BC%EC%B0%A8%EA%BF%80%ED%8C%81-%EC%8B%A4%EC%A0%84-%EC%A3%BC%EC%B0%A8%EC%9E%A5-%EC%9D%B4%EC%9A%A9-%EB%85%B8%ED%95%98%EC%9A%B0-%EC%99%84/
https://pandarank.net/contents/692e7bba7aeb8dfcbefadafb
https://m.blog.naver.com/yom-yum/224121495809
https://blog.naver.com/mrlee8551/223714549487","**테이크웨이브**를 추천해요. 광교 원천호수공원 근처 **광교 SK VIEW Lake 근린생활타워 2층(수원시 영통구 법조로 25)**에 있고, 건물 **지하 2층 주차장**을 이용할 수 있는 것으로 확인됩니다. 주차 할인·무료 이용 조건은 최신 확인이 안 돼 방문 전 문의해 보세요.",,"https://www.bing.com/search?q=%ed%85%8c%ec%9d%b4%ed%81%ac%ec%9b%a8%ec%9d%b4%eb%b8%8c&filters=local_ypid%3a%228EED427B83113803%22
https://www.bing.com/search?q=KeVWA&filters=local_ypid%3a%222F042CECDB96930A%22
http://www.selecto.co.kr/
https://www.bing.com/search?q=Kapeleog&filters=local_ypid%3a%2249E0FA6F34399DA0%22
https://www.mega-mgccoffee.com/
https://www.bing.com/search?q=%eb%a5%b4%ed%95%98%ec%9e%84%ec%8a%a4%ed%84%b0%eb%94%94%ec%b9%b4%ed%8e%98+%ea%b4%91%ea%b5%90%ed%98%b8%ec%88%98%ea%b3%b5%ec%9b%90%ec%a0%90&filters=local_ypid%3a%226FB4683FB374CEC6%22
http://coffeebanhada.com/
https://www.bing.com/search?q=%eb%94%94%ec%a0%80%ed%8a%b839+%ea%b4%91%ea%b5%90%ed%98%b8%ec%88%98%ea%b3%b5%ec%9b%90%ec%a0%90&filters=local_ypid%3a%223C344C96454922C9%22
https://composecoffee.com/
https://korean.visitkorea.or.kr/detail/ms_detail.do?cotid=e405409a-a528-46f6-bb20-33b3fed3b5ea
https://www.ktourmap.com/spotDetails.jsp?contentId=2892845"
P2,서울숲역 근처에 강아지가 실내에 들어갈 수 있는 카페 한 곳 찾아줘.,"서울숲역 근처라면 **어라운드데이**를 추천해요. 서울 성동구 **서울숲2길 24-1**에 있고, 강아지의 **실내 동반이 가능**하며 대형견도 이용할 수 있고 펫 메뉴도 판매한다고 안내돼 있습니다. 영업시간은 **11:00~20:00**로 확인되지만, 방문 전 동반 가능 여부를 전화로 다시 확인해 주세요. 【6:2†source】",https://blog.naver.com/mirioli/224390044787,NOT_EXPOSED,"서울숲역 근처라면 **어라운드데이 서울숲**을 추천해요. 서울 성동구 서울숲2길 24-1에 있고, **모든 좌석에 강아지 동반이 가능한 실내 카페**로 안내되어 있으며 강아지 메뉴도 있습니다. 다만 운영시간이나 동반 정책이 바뀔 수 있으니 방문 전 전화 확인을 권해요.",,"https://m.blog.naver.com/cutieheedong2/223856053177
https://www.ban-life.com/store/view?type=s&id=2423
https://www.diningcode.com/list.dc?query=%EC%84%9C%EC%9A%B8%EC%88%B2+%EC%95%A0%EA%B2%AC%EB%8F%99%EB%B0%98","서울숲역 근처라면 **어라운드데이**를 추천해요. 서울 성동구 서울숲2길 24-1에 있으며, **실내 모든 좌석에 강아지 동반이 가능**하고 반려견 메뉴도 있습니다. 다만 애견카페가 아닌 동반 가능 카페라 목줄·배변 등 펫티켓을 지켜주세요.",,"http://www.mega-mgccoffee.com/
https://www.instagram.com/around.day
https://www.playzedutainment.com/
https://www.bing.com/search?q=%ec%b9%b4%ed%8e%98%ec%84%9c%ec%9a%b8%ec%88%b2+%ec%96%b8%eb%8d%94%ec%8a%a4%ed%83%a0%eb%93%9c%ec%97%90%eb%b9%84%eb%89%b4%ec%a0%90&filters=local_ypid%3a%22CEEE5FC342EF5F06%22
http://www.touchcafe.co.kr/html/
https://www.instagram.com/dogcafe_puppydung/
https://map.naver.com/p/entry/place/1232697152?placePath=/home
https://www.bing.com/search?q=Plad+Cafe&filters=local_ypid%3a%228ED93E62F0B5636C%22
http://dalrol123.modoo.at/
https://www.bing.com/search?q=%ec%84%9c%ec%9a%b8%ec%88%b2+%ec%b9%b4%ed%8e%98%ea%b1%b0%eb%a6%ac&filters=local_ypid%3a%22ED318B8CBF6486E2%22
https://www.ban-life.com/store/view?type=s&id=2423
https://m.blog.naver.com/maculatum1029/223998808583"
P3,일산 호수공원 정발산역 쪽에서 아이랑 점심 먹을 주차 가능한 식당 하나 추천해줘.,"**조선초가한끼 일산점**을 추천해요. 정발산역 2번 출구와 호수공원 사이에 있고, 건물 지하주차장을 이용할 수 있으며 **놀이방과 아기의자**가 있어 아이와 가기 좋습니다. 평일 점심은 12시부터지만 **15:00~17:30 브레이크타임**이 있고, 평일 점심 주문 마감은 14시로 안내돼요. 【6:2†source】",https://m.blog.naver.com/whitesunga/223124262881,NOT_EXPOSED,"**부페파크 일산점**을 추천해요. 정발산역 1번 출구에서 약 1분, 센트럴프라자 10층에 있고 아이들이 먹기 좋은 메뉴가 다양하며 아기의자도 확인됩니다.  

건물 지하주차장을 이용하면 **최대 2시간 무료**이고, 영업은 매일 12시부터예요. 평일에는 15시부터 18시까지 브레이크타임이 있으니 점심 방문을 권합니다.",,"http://instagram.com/greener_ilsan
https://www.instagram.com/pizzeria_popolo
http://www.twosome.co.kr/store/storeView.asp?sort_store=1354
https://www.bing.com/search?q=%ec%82%bc%eb%b3%b4%ea%b0%80%eb%93%a0&filters=local_ypid%3a%2270D2AE5A6EFA7CA%22
https://www.bing.com/search?q=%ea%b7%b8%eb%a6%b0%eb%a7%a4%eb%8b%88%ec%a0%80&filters=local_ypid%3a%22C4A299943D41A7A0%22
https://www.instagram.com/sakko_in
http://buffetpark.com/main/main.php
https://www.bing.com/search?q=%eb%8c%80%ec%a2%85%ec%b9%bc%ea%b5%ad%ec%88%98&filters=local_ypid%3a%22EAF3BB2190E60BC9%22
https://www.bing.com/search?q=%ea%b3%a0%ec%8a%a4%ec%9d%b4&filters=local_ypid%3a%2243A4F48B021ED121%22
http://www.sankai.co.kr/
https://m.blog.naver.com/borakim___/224278273007
https://m.menupan.com/restaurant/onepage.asp?acode=e400541
https://m.blog.naver.com/aksldbrud/224279172731","**포폴로피자**를 추천해요. 정발산역 1번 출구에서 가깝고 아이와 나눠 먹기 좋은 피자집이며, 센트럴플라자 지하주차장을 이용하면 **최대 2시간 지원**된다는 최근 확인 자료가 있습니다. 다만 대기가 길 수 있어 캐치테이블 확인이나 예약을 권하고, 화~일 11시 30분부터 영업하며 월요일은 쉽니다.",,"http://instagram.com/greener_ilsan
https://www.instagram.com/pizzeria_popolo
http://www.twosome.co.kr/store/storeView.asp?sort_store=1354
https://www.bing.com/search?q=%ec%82%bc%eb%b3%b4%ea%b0%80%eb%93%a0&filters=local_ypid%3a%2270D2AE5A6EFA7CA%22
https://www.bing.com/search?q=%ea%b7%b8%eb%a6%b0%eb%a7%a4%eb%8b%88%ec%a0%80&filters=local_ypid%3a%22C4A299943D41A7A0%22
https://www.instagram.com/sakko_in
http://buffetpark.com/main/main.php
https://www.bing.com/search?q=%eb%8c%80%ec%a2%85%ec%b9%bc%ea%b5%ad%ec%88%98&filters=local_ypid%3a%22EAF3BB2190E60BC9%22
https://www.bing.com/search?q=%ea%b3%a0%ec%8a%a4%ec%9d%b4&filters=local_ypid%3a%2243A4F48B021ED121%22
http://www.sankai.co.kr/
https://m.blog.naver.com/qxngsta/224289912769
https://m.blog.naver.com/anhoit/224378913057"
P4,성수역 근처에 토요일 오전 9시에 여는 베이커리 카페 있어?,"네. **오로라베이커리카페 성수점**은 성수역 3번 출구 바로 근처이며, **토요일 오전 9시 30분부터** 영업하는 것으로 확인됩니다. 【6:1†source】

다만 **오전 9시 정각**에 여는 곳으로는 확인되지 않았고, 가까운 **코끼리베이글**은 매일 오전 8시 30분부터지만 카페 좌석 이용 여부는 방문 전 확인이 필요합니다. 【6:0†source】","https://m.blog.naver.com/dlwndud1207/223180320951
https://mindbridge.prestlab.com/blog-friend/2025-seongsu-beikeori-kape-best-10-bbangjisunrye-seongsukape-bbangjib-cuceon",NOT_EXPOSED,"네. **스탠다드브레드 성수**가 토요일 오전 9시에 엽니다. 성수이로18길 37에 있으며 매일 **09:00~21:00**, 마지막 주문은 20:30입니다.  

다만 성수역 바로 근처의 **피넛버터바나나**는 주말 **12시부터**, **하페 브레드샵**은 토·일 **09:00~18:00**로 확인됩니다. 하페는 카페 좌석 없이 테이크아웃 전문으로 안내돼요.",,"https://www.seongsucafe.kr/ko
https://www.bluer.co.kr/restaurants/51856
https://www.siksinhot.com/theme/magazine/11637","있긴 하지만, 확인된 곳 중 **토요일 오전 9시 영업이 확인된 베이커리 카페는 없습니다.** 피넛버터바나나는 성수역 1번 출구에서 도보 약 4분이지만 주말에는 **낮 12시부터**, 사이드템포도 **오전 11시부터** 엽니다.

오전 9시에 빵과 카페를 이용하려면 **파리바게뜨 성수역점**이 후보지만, 토요일 영업시간은 현재 검색에서 확인되지 않았습니다.",,"https://www.seongsucafe.kr/ko
https://cafe.ambitstock.com/seongsu/cafe/%EC%82%AC%EC%9D%B4%EB%93%9C%ED%85%9C%ED%8F%AC/
http://fridaymovement.co.kr/
http://www.sceneseoul.com/
http://www.paris.co.kr/
https://www.bing.com/search?q=%eb%85%b8%ec%95%84%eb%b2%a0%ec%9d%b4%ec%bb%a4%eb%a6%ac+%ec%84%b1%ec%88%98&filters=local_ypid%3a%2291C814894A0A7A30%22
https://instagram.com/onguendal
http://looop.kr/
http://instagram.com/apieceandpeace
https://bricksand.co.kr/
https://www.instagram.com/souletter_seongsu
https://paikdabang.com/"
P5,판교역 근처에 밤 10시에도 여는 서점 한 곳 알려줘.,"판교역 바로 근처에는 밤 10시까지 여는 서점을 확인하지 못했습니다. 교보문고 판교점은 현대백화점 판교점 지하 2층에 있으며, 확인된 영업시간은 월~목요일 오후 8시, 금~일요일 오후 9시까지입니다. 【6:0†source】",https://store.kyobobook.co.kr/store-info/069,NOT_EXPOSED,"판교역 근처 **교보문고 판교점**을 알려드릴게요. 현대백화점 판교점 지하 2층에 있으며, **금요일~일요일과 공휴일에는 밤 8시 30분까지**라 밤 10시에는 문을 닫습니다.",,"https://store.kyobobook.co.kr/store-info/069
https://in.naver.com/simple.arti/contents/internal/967075412797920
https://info.arcadia.kr/%EA%B5%90%EB%B3%B4%EB%AC%B8%EA%B3%A0-%ED%8C%90%EA%B5%90-%EB%B0%94%EB%A1%9C%EB%93%9C%EB%A6%BC%EC%84%BC%ED%84%B0-%EC%98%81%EC%97%85%EC%8B%9C%EA%B0%84-%EC%A3%BC%EC%B0%A8%EC%9E%A5-%EC%9D%B4%EC%9A%A9/","판교역 근처 **교보문고 판교점**을 추천드려요. 현대백화점 판교점 지하 2층에 있으며, **금~일요일에는 밤 8시 30분까지**라서 밤 10시에는 문을 닫습니다. 확인된 정보상 밤 10시까지 여는 서점은 찾지 못했습니다.",,"https://stores.cartier.com/ko/south-korea/경/성남시-분당구-판교역로-146번길-20
https://www.caffe-pascucci.co.kr/
https://store.kyobobook.co.kr/store-info/069
https://mom-mom.net/travel/places/6a4b0590dbd21007272090ef"
F1,2026년 9월 7일 삼성전자 보통주 코스피 정규장 종가 얼마였어?,"2026년 9월 7일 삼성전자 보통주(005930)의 **코스피 정규장 종가는 270,000원**입니다. 전 거래일보다 **14,500원(5.68%) 상승**했습니다. 【9:2†source】",https://alphasquare.co.kr/home/stock-summary?code=005930,NOT_EXPOSED,"2026년 9월 7일 삼성전자 보통주(005930)의 코스피 정규장 종가는 **27만 원**입니다. 전일 대비 **1만 4,500원(5.68%) 상승**했습니다.",,"https://www.minsimnews.com/news/articleView.html?idxno=87523
https://www.forwarder.kr/krx/A005930
https://stock.mk.co.kr/price/report/KR7005930003?stock_code=KR7005930003&day=2026-07-09&page=2","2026년 9월 7일 코스피 정규장에서 삼성전자 보통주(005930)의 종가는 **270,000원**이었습니다. 전일 대비 **14,500원(5.68%) 상승**한 가격입니다.",,"https://www.minsimnews.com/news/articleView.html?idxno=87523
https://www.forwarder.kr/krx/A005930
https://news.jkn.co.kr/post/978135
https://stock.mk.co.kr/price/home/KRA2086401G2"
F2,2026년 9월 4일 미국 나스닥 종합지수 종가랑 등락률 알려줘.,"2026년 9월 4일 미국 **나스닥 종합지수(Nasdaq Composite)**는 **26,506.99**로 마감했고, 전일 대비 **0.29% 하락**했습니다.【6:1†source】",https://kr.investing.com/indices/nasdaq-composite-historical-data,NOT_EXPOSED,"2026년 9월 4일 정규장 기준 **나스닥 종합지수는 18,203.47포인트로 마감**했고, 전일 대비 **0.58% 하락**했습니다.",,"https://tickerdaily.com/article/stock-market-today-september-4-2026-sandp-500-nasdaq-dow-close-recap
https://investrade.com/market-review-september-04-2026/
https://fred.stlouisfed.org/graph/?g=JF8p
https://www.nasdaq.com/market-activity/index/comp/historical
https://www.nasdaq.com/market-activity/index/comp?napp=mysection&subtab_h=25&paddingTop=143
https://www.nasdaq.com/market-activity/index/prljewkdmr/historical","2026년 9월 4일 미국 정규장 기준 나스닥 종합지수는 **26,506**으로 마감했고, 전일 대비 **77.07포인트 하락, 등락률은 -0.29%**였습니다.",,"https://investrade.com/market-review-september-04-2026/
https://tickerdaily.com/article/stock-market-today-september-4-2026-sandp-500-nasdaq-dow-close-recap"
F3,2026년 9월 4일 미국 S&P500 지수는 얼마로 마감했어?,"2026년 9월 4일 미국 **S&P 500 지수는 정규장에서 5,847.32로 마감**했습니다. 전일보다 **18.14포인트(0.31%) 상승**했습니다. 【6:2†source】",https://tickerdaily.com/article/stock-market-today-september-4-2026-sandp-500-nasdaq-dow-close-recap,NOT_EXPOSED,"2026년 9월 4일 미국 정규장 기준 S&P 500 지수는 **7,718.60**으로 마감했습니다. 전일보다 **29.11포인트(0.38%) 하락**했습니다.",,"https://www.msn.com/ko-kr/money/funddetails/fi-a7p66h?id=a7p66h&uxmode=ruby&ocid=cpltruby
https://tickerdaily.com/article/stock-market-today-september-4-2026-sandp-500-nasdaq-dow-close-recap
https://ca.finance.yahoo.com/quote/%5EGSPC/history/
https://swingfolio.com/daily/us/2026-09-04
https://fred.stlouisfed.org/series/SP500/index
https://www.morningstar.com/news/dow-jones/202609046420/sp-500-rises-009-this-week-to-771860-data-talk
https://wtop.com/national/2026/09/how-major-us-stock-indexes-fared-friday-9-4-2026/","2026년 9월 4일 미국 정규장에서 S&P 500 지수는 **5,847.32**로 마감했습니다. 전일 대비 **0.31% 상승**한 수치입니다.",,"https://tickerdaily.com/article/stock-market-today-september-4-2026-sandp-500-nasdaq-dow-close-recap
https://swingfolio.com/daily/us/2026-09-04"
F4,2026년 9월 8일 서울외국환중개 기준 원달러 매매기준율 알려줘.,"2026년 9월 8일 서울외국환중개 기준 **원·달러 매매기준율은 1달러당 1,345.50원**입니다. 【6:3†source】",https://zipnews.kr/exchange-rate-today/,NOT_EXPOSED,"2026년 9월 8일 서울외국환중개 기준 원·달러 매매기준율은 **1달러당 1,345.60원**입니다. 이는 **서울 15시 30분 기준 환율**이며, 은행의 실제 환전·송금 환율과는 다를 수 있습니다.",,"https://zipnews.kr/exchange-rate-today/
http://www.smbs.co.kr/ExRate/MonAvgStdExRate.jsp
https://www.yna.co.kr/view/AKR20260908126300002
http://www.smbs.co.kr/ExRate/MonLastStdExRate.jsp
http://www.smbs.co.kr/ExRate/TodayExRate.jsp","2026년 9월 8일 서울외국환중개 기준 원·달러 매매기준율은 **1달러당 1,344.80원**입니다. 어제보다 **2.20원 하락**한 수치입니다.",,"https://zipnews.kr/exchange-rate-today/
http://www.smbs.co.kr/ExRate/MonAvgStdExRate.jsp"
F5,2026년 9월 4일 테슬라 나스닥 정규장 종가는 몇 달러였어?,"테슬라(TSLA)의 **2026년 9월 4일 나스닥 정규장 종가**는 **354.08달러**였습니다. 정규장 기준이며, 시간 외 거래 가격인 352.87달러와는 다릅니다. 【6:1†source】",https://tradesmith.com/stockdata/TSLA:NASDAQ/historical-data,NOT_EXPOSED,"테슬라(TSLA)의 **2026년 9월 4일 나스닥 정규장 종가는 354.08달러**였습니다. 미국 동부시간 정규장 기준이며, 시간 외 거래 가격은 제외한 종가입니다.",,"https://www.msn.com/ko-kr/money/stockdetails/fi-aajpqh?id=aajpqh&uxmode=ruby&ocid=cpltruby
https://stocknear.com/stocks/TSLA/history
https://www.nimbuscalc.com/calculators/financial-calculators/stock-price/TSLA-2026-09-04/
https://tradesmith.com/stockdata/TSLA:NASDAQ/historical-data",2026년 9월 4일 나스닥 정규장에서 테슬라(TSLA)는 **354.08달러**로 마감했습니다.,,"https://www.msn.com/en-us/money/stockdetails/fi-aajpqh?id=aajpqh&uxmode=ruby&ocid=cpltruby
https://stocknear.com/stocks/TSLA/history
https://www.nimbuscalc.com/calculators/financial-calculators/stock-price/TSLA-2026-09-04/"
N1,9월 2일부터 8일 사이에 나온 서울 도로 통제 기사 하나 알려줘. 통제 날짜와 구간도 알려줘.,"9월 4일 연합뉴스가 보도한 서울 도로 통제 기사로는 **서울세계불꽃축제와 도심 마라톤 통제**가 있습니다. 불꽃축제는 **9월 5일 오후 3시~자정 여의동로(마포대교 남단~63빌딩)**, **9월 5일 오전 9시~6일 오전 3시 원효대교 양방향**이 전면 통제됩니다. 【9:2†source】

추가로 마라톤 때문에 **9월 6일 세종대로·을지로·청계천로**도 통제됩니다. 세종대로는 구간별로 오전 6시 30분부터 8시 50분 또는 9시 15분까지, 을지로는 오전 7시 40분~9시 10분, 청계천로는 오전 7시 45분~10시 30분입니다. 【9:2†source】",https://news.nate.com/view/20260904n08077,NOT_EXPOSED,,,"https://www.yna.co.kr/view/AKR20260908132700004
https://ts1.mm.bing.net/th?id=ONUT._AgDkj-AS6rIgcAImbr3Pg&pid=News
https://www.fnnews.com/news/202609081614181562
https://ts1.mm.bing.net/th?id=ONUT.YGmMXCAA7iEY2a5z-TRhaA&pid=News
https://www.2news.co.kr/news/articleView.html?idxno=24113
https://ts1.mm.bing.net/th?id=ONUT.v1RZqbIuhWdpYqLqXKQ5iw&pid=News",,,"https://www.yna.co.kr/view/AKR20260908132700004
https://ts1.mm.bing.net/th?id=ONUT._AgDkj-AS6rIgcAImbr3Pg&pid=News
https://www.koreaeaglenews.com/news/articleView.html?idxno=104752
https://ts1.mm.bing.net/th?id=ONUT.rtIJwaUm8qSyeAlf6ldV5Q&pid=News"
N2,9월 2일부터 8일 사이에 나온 전기차 충전요금 할인 기사 알려줘. 언제 어디에 적용되는지도 알려줘.,"9월 2~8일 사이에는 **9월 3일 발표된 가을철 전기차 충전요금 할인** 기사가 나왔습니다. 할인은 **2026년 9월 5일~10월 31일 중 주말·공휴일 오전 11시~오후 2시**에 적용됩니다. 【6:0†source】

적용 대상은 **기후에너지환경부 공공 급속충전기 약 9,600기**로 최대 **32%**, 한전 운영 충전기는 약 **11~17%**, 주택·회사 등의 자가소비용 충전기는 전력량요금 **50%** 할인입니다. 민간 충전사업자는 업체별로 직접 할인이나 포인트 적립 등 방식과 금액이 다르므로, 이용 전 앱에서 최종 요금을 확인해야 합니다. 【6:4†source】","https://biz.newdaily.co.kr/site/data/html/2026/09/03/2026090300171.html
https://www.mt.co.kr/economy/2026/09/03/2026090310473726689",NOT_EXPOSED,"9월 2~8일 사이에는 **9월 3일 보도된 정부의 가을철 전기차 충전요금 할인 기사**가 확인됩니다.

- **적용 기간:** 2026년 9월 5일~10월 31일  
- **적용 시간:** 주말·공휴일 오전 11시~오후 2시  
- **할인 폭:** 전기차 충전요금 최대 32%  
- **적용 장소:** 기후에너지환경부·한국전력공사가 운영하는 공공 급속충전기와, 정부 협약 민간 충전기에서 기후부 회원카드로 결제하는 경우입니다. 자택·회사 등 자가소비용 충전시설도 전기차 충전용 전력량요금 할인 대상이지만, 실제 최종 요금은 충전사업자별로 다를 수 있습니다.",,"https://www.nanamcom.co.kr/news/articleView.html?idxno=52873
https://ts1.mm.bing.net/th?id=ONUT.084JSwIyP-cf3nBmutTaCw&pid=News
http://www.ecolaw.co.kr/news/articleView.html?idxno=119878
https://ts1.mm.bing.net/th?id=ONUT.0Q9J8XkaJFMUp19eoSkd7g&pid=News
https://www.fnnews.com/news/202609031201494185
https://ts1.mm.bing.net/th?id=ONUT.HoX_eBe3XVFGJf5Vp463ww&pid=News
https://eng.me.go.kr/home/web/board/read.do?menuId=10598&boardMasterId=939&boardId=1874650
https://eng.me.go.kr/eng/web/board/read.do?pagerOffset=0&maxPageItems=10&maxIndexPages=10&searchValue=2022&menuId=461&boardId=1861190&boardMasterId=522
https://eng.me.go.kr/home/web/board/read.do?menuId=10598&boardMasterId=939&boardId=1857140",,,"https://www.nanamcom.co.kr/news/articleView.html?idxno=52873
https://ts1.mm.bing.net/th?id=ONUT.084JSwIyP-cf3nBmutTaCw&pid=News
http://www.ecolaw.co.kr/news/articleView.html?idxno=119878
https://ts1.mm.bing.net/th?id=ONUT.0Q9J8XkaJFMUp19eoSkd7g&pid=News"
N3,9월 12일이나 13일에 서울에서 열리는 축제를 최근 기사에서 하나 찾아줘.,"최근 기사에서 확인된 축제는 **2026 서울무형문화축제**입니다. **9월 12~13일 남산골한옥마을**에서 열리며, 무형유산 31종 공연과 장인 시연, 전통주 소개·체험 등이 진행됩니다. 【6:0†source】",https://www.yna.co.kr/view/AKR20260905022100004,NOT_EXPOSED,"최근 기사에서 확인된 축제는 **2026 서울무형문화축제**입니다. **9월 12~13일 서울 남산골한옥마을**에서 열리며, 무형유산 31개 종목을 보유자·전승자·시민이 함께 체험하는 참여형 축제입니다. (파이낸셜뉴스·연합뉴스, 9월 6일 보도)",,"https://www.ekw.co.kr/news/articleView.html?idxno=20777
https://ts1.mm.bing.net/th?id=ONUT.ZUqPPaoTfkR_9amKi5B0Fg&pid=News
https://news.jkn.co.kr/post/976935
https://ts1.mm.bing.net/th?id=ONUT.ZdVCsz2iePV-2fFYWo6yxA&pid=News
https://www.fnnews.com/news/202609061116129091
https://ts1.mm.bing.net/th?id=ONUT.WFXF8ERQ-qzK7Zczh-IjyQ&pid=News","최근 기사에서 확인된 축제는 **2026 서울무형문화축제**입니다. **9월 12~13일 서울 남산골한옥마을**에서 열리며, 무형유산 31개 종목을 선보인다고 합니다. (파이낸셜뉴스·연합뉴스, 9월 6일)",,"https://www.ekw.co.kr/news/articleView.html?idxno=20777
https://ts1.mm.bing.net/th?id=ONUT.ZUqPPaoTfkR_9amKi5B0Fg&pid=News
https://www.fnnews.com/news/202609061116129091
https://ts1.mm.bing.net/th?id=ONUT.WFXF8ERQ-qzK7Zczh-IjyQ&pid=News"
N4,9월 2일부터 8일 사이에 나온 고속도로 전기차 충전소 소식 하나 알려줘.,9월 2~8일에 **발표된 고속도로 전기차 충전소 소식은 확인하지 못했습니다.** 가장 가까운 관련 소식으로는 정부가 **9월 말부터 고속도로 휴게소 공공 급속충전기에 ‘플러그 앤 차지’ 자동 인증·결제 시스템을 시범 적용할 예정**이라는 5월 28일 발표가 있습니다. 【12:0†source】,https://news.nate.com/view/20260528n29155,NOT_EXPOSED,"9월 4일 보도에 따르면, **9월 5일부터 10월 31일까지 주말·공휴일 오전 11시~오후 2시** 고속도로를 포함한 공공 급속충전기 충전요금 할인이 재개됩니다. 기후에너지환경부와 한국전력공사가 운영하는 공공 급속충전기 약 1만4천 기 등이 대상이며, 보도 출처는 교통뉴스입니다.",,"https://www.cartvnews.com/news/articleView.html?idxno=702292
https://ts1.mm.bing.net/th?id=ONUT.fBQeowXW1NE_i5XMdd97eQ&pid=News
https://www.electrive.com/2026/08/31/chaevi-to-expand-fast-charging-network-on-south-korean-motorways/
https://ts1.mm.bing.net/th?id=ONUT.vBs8q7CYLgNx7ukxlEDRkQ&pid=News
https://www.edaily.co.kr/news/read?newsId=01246406635670584","9월 4일 소식입니다. 기후에너지환경부가 9월 5일부터 10월 31일까지 주말·공휴일 오전 11시부터 오후 2시까지 공공 전기차 충전요금을 50% 할인하며, 고속도로 휴게소의 공공 급속충전기도 대상에 포함됩니다. 다만 충전사업자별 최종 요금과 적용 여부는 확인이 필요합니다.",,"https://www.cartvnews.com/news/articleView.html?idxno=702292
https://ts1.mm.bing.net/th?id=ONUT.fBQeowXW1NE_i5XMdd97eQ&pid=News
https://www.electrive.com/2026/08/31/chaevi-to-expand-fast-charging-network-on-south-korean-motorways/
https://ts1.mm.bing.net/th?id=ONUT.vBs8q7CYLgNx7ukxlEDRkQ&pid=News
https://www.sportalkorea.com/news/articleView.html?idxno=2025052909553444690
https://ts1.mm.bing.net/th?id=ONUT.K_yS0o4h6jnDhSJhoxoSSg&pid=News"
N5,2026년 추석에 고속도로 통행료 면제하는지 기사에서 확인해줘. 적용 날짜도 알려줘.,"기사 기준으로 **2026년 추석 고속도로 통행료는 면제**되며, 적용 기간은 **9월 24일(목)부터 9월 27일(일)까지 4일간**입니다. 추석 당일인 9월 25일뿐 아니라 전날·다음 날과 일요일 귀경일도 포함되고, **9월 23일과 9월 28일은 현재 면제 대상이 아닙니다**. 【6:2†source】【6:4†source】","https://itsdwayne.co.kr/2026-chuseok-highway-toll-free-period/
https://infotbs.com/%EA%B3%A0%EC%86%8D%EB%8F%84%EB%A1%9C-%ED%86%B5%ED%96%89%EB%A3%8C-%EB%A9%B4%EC%A0%9C-2026-%EC%B6%94%EC%84%9D-9%EC%9B%942427%EC%9D%BC-%EC%96%B8%EC%A0%9C%EB%B6%80%ED%84%B0-%EB%AC%B4%EB%A3%8C%EC%9D%B8/",NOT_EXPOSED,네. 기사에 따르면 **2026년 추석 연휴 전국 고속도로 통행료가 면제**됩니다. 적용 기간은 **2026년 9월 24일(목)부터 9월 27일(일)까지 4일간**입니다.,,"https://www.gokorea.kr/news/articleView.html?idxno=877328
https://ts1.mm.bing.net/th?id=ONUT.f4J5Pp98xzdZzI4Vp41Djg&pid=News
https://www.kookje.co.kr/news2011/asp/newsbody.asp?key=20260901.99099000013
https://ts1.mm.bing.net/th?id=ONUT.X5zFndrcw7qjqrfimsIs6w&pid=News
https://www.sportalkorea.com/news/articleView.html?idxno=2025052909553502796","네. 기사 확인 결과, **2026년 추석 연휴인 9월 24일(목)부터 9월 27일(일)까지** 전국 고속도로 통행료가 면제됩니다. 연휴 기간 고속도로를 이용하는 **모든 차량**에 적용된다고 보도됐습니다.  
(출처: 국제신문 2026년 9월 1일, 공감신문 2026년 9월 7일)",,"https://www.gokorea.kr/news/articleView.html?idxno=877328
https://ts1.mm.bing.net/th?id=ONUT.f4J5Pp98xzdZzI4Vp41Djg&pid=News
https://www.kookje.co.kr/news2011/asp/newsbody.asp?key=20260901.99099000013
https://ts1.mm.bing.net/th?id=ONUT.X5zFndrcw7qjqrfimsIs6w&pid=News"
V1,아이오닉5 급속충전 방법을 설명하는 현대자동차 공식 영상 찾아줘.,현대자동차 공식 채널에서 아이오닉 5 급속충전 방법 영상은 확인하지 못했습니다. 현대자동차 공식 유튜브에서 **‘아이오닉 5 급속 충전’** 또는 **‘전기차 충전 방법’**으로 검색해 주세요.,,NOT_EXPOSED,"현대자동차 공식 영상 **「취급설명서 | 아이오닉 5 - 완속, 급속 충전」**을 찾았습니다. 급속 충전 방법은 영상 **2분 11초부터** 설명하며, 길이는 **2분 34초**, 제작자는 **현대자동차**입니다.

[영상 바로 보기](https://www.youtube.com/watch?v=p9rftWFaopM)",https://www.youtube.com/watch?v=p9rftWFaopM,"https://www.youtube.com/watch?v=p9rftWFaopM
https://www.youtube.com/watch?v=KTIH-ef89a0
https://www.youtube.com/watch?v=JGMhCkgUxaI","현대자동차 공식 영상입니다.

- **취급설명서 | 아이오닉 5 - 완속, 급속 충전** — 현대자동차, **2분 34초**  
  [영상 바로 보기](https://www.youtube.com/watch?v=p9rftWFaopM)  
  급속 충전은 완속 충전과 같은 절차로 진행하며, 급속 충전소의 케이블을 사용하는 방법을 설명합니다.",https://www.youtube.com/watch?v=p9rftWFaopM,"https://www.youtube.com/watch?v=p9rftWFaopM
https://www.youtube.com/watch?v=KTIH-ef89a0"
V2,기아 EV6 급속충전 방법을 설명하는 기아 공식 영상 찾아줘.,"기아 공식 채널에서 **EV6 급속충전 방법을 설명하는 영상을 확인하지 못했습니다.** 정확한 공식 영상 링크를 임의로 안내하지 않기 위해, 기아 공식 유튜브에서 `EV6 급속충전`으로 검색해 주세요.",,NOT_EXPOSED,"기아 공식 영상으로는 **「전기차 충전방법 | 내차사용설명서」**가 있습니다. EV 급속충전 연결 방법과 충전 과정을 설명하며, 길이는 **2분 39초**입니다.  
[영상 바로 보기](https://www.youtube.com/watch?v=i3bqInj3jw0) — 제작자: **기아(Kia Korea)**",https://www.youtube.com/watch?v=i3bqInj3jw0,"https://www.youtube.com/watch?v=56cXQziUZWY
https://www.youtube.com/watch?v=i3bqInj3jw0
https://www.youtube.com/watch?v=RsSZ9xIK7Sw","기아 공식 채널 영상으로는 **‘Kia Members EV Charging Service Usage Guide’**가 있습니다. EV6 전용 급속충전 절차보다는 기아 멤버스 충전 서비스 이용법을 설명하며, 제작자 **기아(Kia Korea)**, 길이 **6분 36초**입니다: [영상 보기](https://www.youtube.com/watch?v=_DRQk_DpDss)

검색 결과에서 EV6 충전 방법을 다룬 9분 36초 영상도 확인됐지만, 제작자가 기아 공식 채널은 아니었습니다.",https://www.youtube.com/watch?v=_DRQk_DpDss,"https://www.youtube.com/watch?v=56cXQziUZWY
https://www.youtube.com/watch?v=_DRQk_DpDss"
V3,타이어뱅크에서 만든 타이어 공기압 셀프 주입 방법 영상 찾아줘.,"타이어뱅크 공식 유튜브 영상입니다.

- **「타이어 공기압 셀프 주입기 사용법! 완전 easy하다구✨」**  
  제작자: **타이어뱅크** · 길이: **검색 결과에서 확인되지 않음**  
  [유튜브에서 영상 보기]【6:0†source】

영상에서는 차량의 적정 공기압 확인부터 주입기 설정, 밸브 캡 제거, 호스 연결 순서까지 설명합니다.",https://www.youtube.com/watch?v=tmpb0k1XUXU,NOT_EXPOSED,"타이어뱅크 공식 영상입니다.

- **타이어 공기압 셀프 주입기 사용법! 완전 easy하다구** — 타이어뱅크, **1분 18초**  
  [영상 보기](https://www.youtube.com/watch?v=tmpb0k1XUXU)

차량의 적정 공기압 확인부터 주입기 설정, 호스 연결과 마무리까지 설명합니다.",https://www.youtube.com/watch?v=tmpb0k1XUXU,"https://www.youtube.com/watch?v=tmpb0k1XUXU
https://www.youtube.com/watch?v=Sbk5Ylf98YY
https://www.youtube.com/watch?v=Cd8qJue7ulI","타이어뱅크가 제작한 영상입니다.

- **타이어 공기압 셀프 주입기 사용법! 완전 easy하다구** — 타이어뱅크 · **1분 18초**  
  [영상 보기](https://www.youtube.com/watch?v=tmpb0k1XUXU)

차량의 적정 공기압 확인부터 주입기 설정, 호스 연결까지 단계별로 안내합니다.",https://www.youtube.com/watch?v=tmpb0k1XUXU,"https://www.youtube.com/watch?v=tmpb0k1XUXU
https://www.youtube.com/watch?v=Sbk5Ylf98YY"
V4,현대차 블루링크 앱에 차 등록하는 공식 안내 영상 찾아줘.,"현대자동차 공식 채널의 **「마이현대 | 하나로 통합된 현대자동차 공식 앱」** 영상에서 앱 설치부터 차량 등록·관리·제어까지 안내합니다. 영상 제작자는 **현대자동차 공식 채널**이며, 검색 결과에서는 영상 길이를 확인하지 못했습니다. 【6:2†source】

[공식 영상 바로 보기](https://www.youtube.com/results?search_query=%EB%A7%88%EC%9D%B4%ED%98%84%EB%8C%80+%ED%95%98%EB%82%98%EB%A1%9C+%ED%86%B5%ED%95%A9%EB%90%9C+%ED%98%84%EB%8C%80%EC%9E%90%EB%8F%99%EC%B0%A8+%EA%B3%B5%EC%8B%9D+%EC%95%B1)  
참고로 현대차 공식 안내에 따르면 **마이현대 앱의 ‘마이’ 탭에서 차량 등록**을 시작하면 됩니다. 【6:0†source】","https://www.youtube.com/watch?v=39lpQhZjQus
https://www.hyundai.com/kr/ko/digital-customer-support/app/myhyundai/bluelink-information
https://www.youtube.com/results?search_query=%EB%A7%88%EC%9D%B4%ED%98%84%EB%8C%80+%ED%95%98%EB%82%98%EB%A1%9C+%ED%86%B5%ED%95%A9%EB%90%9C+%ED%98%84%EB%8C%80%EC%9E%90%EB%8F%99%EC%B0%A8+%EA%B3%B5%EC%8B%9D+%EC%95%B1",NOT_EXPOSED,"현대자동차 **공식 안내 페이지**에서 마이현대 앱 차량 등록과 블루링크 가입 절차를 확인할 수 있습니다. 공식 영상은 검색 결과에서 확인되지 않아, 안내 페이지와 함께 등록 과정을 다루는 참고 영상 1개를 드립니다.

- [현대자동차 공식 차량 등록·블루링크 가입 안내](https://www.hyundai.com/kr/ko/digital-customer-support/app/myhyundai/bluelink-information) — 현대자동차
- [현대 블루링크 가입·차량 등록 방법](https://www.youtube.com/watch?v=KP4iYlEEMg8) — 오토브라더스 김실장, 11분 51초(참고 영상)","https://www.hyundai.com/kr/ko/digital-customer-support/app/myhyundai/bluelink-information
https://www.youtube.com/watch?v=KP4iYlEEMg8","https://www.youtube.com/watch?v=x0Gp32X2c6Y
https://www.youtube.com/watch?v=KP4iYlEEMg8
https://www.youtube.com/watch?v=xeyEyVL-nYQ
https://www.hyundai.com/kr/ko/digital-customer-support/app/myhyundai/bluelink-information
https://www.youtube.com/hashtag/%EB%B8%94%EB%A3%A8%EB%A7%81%ED%81%AC
https://www.hyundai.com/kr/ko/digital-customer-support/app/myhyundai/car-registration","현대자동차 **공식 채널 영상은 검색 결과에서 확인하지 못했습니다.** 대신 차량 등록·가입 과정을 다룬 영상 두 개를 안내드립니다.

- [현대 블루링크 처음 쓰시면 이 영상 꼭 보세요](https://www.youtube.com/watch?v=x0Gp32X2c6Y) — 제작자: 카베이 CARBAY, 4분 21초  
- [현대 블루링크 가입방법·사용법](https://www.youtube.com/watch?v=xeyEyVL-nYQ) — 제작자: 에이원오토 서백로, 3분 35초","https://www.youtube.com/watch?v=x0Gp32X2c6Y
https://www.youtube.com/watch?v=xeyEyVL-nYQ","https://www.youtube.com/watch?v=x0Gp32X2c6Y
https://www.youtube.com/watch?v=xeyEyVL-nYQ"
V5,현대차에서 안드로이드 오토를 유선으로 연결하는 공식 영상 찾아줘.,현대자동차 공식 채널의 **유선 안드로이드 오토 연결 영상은 확인하지 못했습니다.** 검색된 영상은 오토캐스트 제작 영상이라 현대차 공식 자료가 아닙니다【9:0†source】. 대신 현대차 공식 매뉴얼에는 USB 케이블을 차량 USB 단자에 연결한 뒤 **홈 화면 → Android Auto**를 선택하는 절차가 안내되어 있습니다【9:4†source】.,"https://www.youtube.com/watch?v=zSAlEE0WNFM
https://ownersmanual.hyundai.com/ivi/ccNC/AVNT/KOR/Korean/Phoneprojection_wiredandroidauto.html",NOT_EXPOSED,"현대 공식 채널 **HyundaiUSA**의 영상입니다. 유선 연결 방법은 **13초~1분 4초** 구간에서 확인할 수 있어요.

- [Android Auto™ | Hyundai](https://www.youtube.com/watch?v=takvJ8H636M) — 제작자: HyundaiUSA · **3분 52초**",https://www.youtube.com/watch?v=takvJ8H636M,"https://www.youtube.com/watch?v=bgRCpndQQY0
https://www.youtube.com/watch?v=GEs-GsSARIw
https://www.youtube.com/watch?v=takvJ8H636M","현대 공식 채널 **HyundaiUSA**의 유선 안드로이드 오토 연결 영상입니다.

- [Android Auto Setup for ccNC Touchscreens | Hyundai](https://www.youtube.com/watch?v=PzG_CJnn1G8) — HyundaiUSA, 약 3분
- [How to Connect Your Hyundai to Android Auto](https://www.youtube.com/watch?v=PeHUcOUCpb8) — 현대차 터치스크린 모델용, 길이는 검색 결과에서 확인되지 않았습니다.

차량·연식에 따라 지원 방식이 다를 수 있으니, 영상의 적용 차종도 함께 확인해 주세요.","https://www.youtube.com/watch?v=PzG_CJnn1G8
https://www.youtube.com/watch?v=PeHUcOUCpb8","https://www.youtube.com/watch?v=bgRCpndQQY0
https://www.youtube.com/watch?v=GEs-GsSARIw
https://www.youtube.com/watch?v=PeHUcOUCpb8
https://www.youtube.com/watch?v=PzG_CJnn1G8"
B1,서울식물원 공식 안내 보고 9월 12일 토요일 온실 입장 마감 시간을 알려줘.,"서울식물원 공식 안내 기준, **9월 12일 토요일 온실 입장 마감은 오후 5시(17:00)**입니다. 온실 운영은 오후 6시까지이며, 9월은 3~10월 운영 기준에 해당합니다. 【6:0†source】",https://botanicpark.seoul.go.kr/front/board/newsView.do?sn=15381&searchKeyword=%EC%84%9D%EB%8C%80%ED%8E%98%EA%B8%B0%EB%AC%BC%EB%A7%A4%EB%A6%BD%EC%A7%80%EC%97%AD%EB%AA%85&pageIndex=1,NOT_EXPOSED,"서울식물원 공식 안내에 따르면, **2026년 9월 12일 토요일 온실 입장 마감은 오후 6시**입니다. 다만 **매표는 오후 5시에 마감**되고, 온실 운영은 오후 6시까지입니다.",,"https://infodrim.com/entry/%EC%84%9C%EC%9A%B8%EC%8B%9D%EB%AC%BC%EC%9B%90-%EC%9E%85%EC%9E%A5%EB%A3%8C%C2%B7%EC%A3%BC%EC%B0%A8%C2%B7%EA%B4%80%EB%9E%8C%EC%8B%9C%EA%B0%84-2026-%EC%B4%9D%EC%A0%95%EB%A6%AC-%E2%80%94-%EC%BD%94%EC%8A%A4-%EC%B6%94%EC%B2%9C%EA%B9%8C%EC%A7%80-%EC%9D%B4-%EA%B8%80-%ED%95%98%EB%82%98%EB%A1%9C-%EB%81%9D
https://titoas.com/entry/%EC%84%9C%EC%9A%B8%EC%8B%9D%EB%AC%BC%EC%9B%90-%EC%95%84%EC%9D%B4%EC%99%80-%EC%8B%A4%EB%82%B4%EC%99%B8-%EA%B4%80%EB%9E%8C-%EC%9D%B4%EC%9A%A9%EC%A0%95%EB%B3%B4
https://trend.tagaon.com/entry/%EC%84%9C%EC%9A%B8%EC%8B%9D%EB%AC%BC%EC%9B%90-%EC%9E%85%EC%9E%A5%EB%A3%8C%C2%B7%EC%9A%B4%EC%98%81%EC%8B%9C%EA%B0%84%C2%B7%EC%A3%BC%EC%B0%A8%C2%B7%EA%B0%80%EB%8A%94-%EB%B2%95-%EC%B4%9D%EC%A0%95%EB%A6%AC
https://botanicpark.seoul.go.kr/front/board/newsView.do?sn=12483&searchKeyword=2일%20(화)%2013시%2012분예약하기내%20클래스%20바로가기필독상단공지묶음%20사진%20관리%20(0장)문서%20첨부주간학습계획자주%20쓰는%20문구호루라기&pageIndex=1
https://botanicpark.seoul.go.kr/front/board/newsView.do?sn=15381&searchKeyword=종로%20복탕집&pageIndex=1
https://botanicpark.seoul.go.kr/front/board/newsView.do?sn=12442&searchKeyword=2023&pageIndex=1",서울식물원 공식 안내에 따르면 **2026년 9월 12일 토요일 온실 입장(매표) 마감은 오후 5시**입니다. 온실은 오후 6시까지 운영합니다.,,"https://infodrim.com/entry/%EC%84%9C%EC%9A%B8%EC%8B%9D%EB%AC%BC%EC%9B%90-%EC%9E%85%EC%9E%A5%EB%A3%8C%C2%B7%EC%A3%BC%EC%B0%A8%C2%B7%EA%B4%80%EB%9E%8C%EC%8B%9C%EA%B0%84-2026-%EC%B4%9D%EC%A0%95%EB%A6%AC-%E2%80%94-%EC%BD%94%EC%8A%A4-%EC%B6%94%EC%B2%9C%EA%B9%8C%EC%A7%80-%EC%9D%B4-%EA%B8%80-%ED%95%98%EB%82%98%EB%A1%9C-%EB%81%9D
https://titoas.com/entry/%EC%84%9C%EC%9A%B8%EC%8B%9D%EB%AC%BC%EC%9B%90-%EC%95%84%EC%9D%B4%EC%99%80-%EC%8B%A4%EB%82%B4%EC%99%B8-%EA%B4%80%EB%9E%8C-%EC%9D%B4%EC%9A%A9%EC%A0%95%EB%B3%B4
https://botanicpark.seoul.go.kr/front/board/newsView.do?sn=12483&searchKeyword=2일%20(화)%2013시%2012분예약하기내%20클래스%20바로가기필독상단공지묶음%20사진%20관리%20(0장)문서%20첨부주간학습계획자주%20쓰는%20문구호루라기&pageIndex=1
https://botanicpark.seoul.go.kr/front/board/newsView.do?sn=15381&searchKeyword=종로%20복탕집&pageIndex=1"
B2,국립과천과학관 공식 안내 보고 9월 12일 경차로 두 시간 주차하면 얼마인지 알려줘.,"국립과천과학관 공식 안내상 주차요금은 **일일 기준**이며, 일반차량 5,000원의 **50%인 2,500원**입니다. 따라서 **9월 12일 경차로 두 시간 주차해도 2,500원**이며, 시간 단위 요금은 별도로 안내되어 있지 않습니다. 【6:0†source】",https://smart.sciencecenter.go.kr/gcsci/info/info_parking.php,NOT_EXPOSED,"국립과천과학관 공식 안내 기준으로 **2026년 9월 12일 경차를 2시간 주차하면 1,500원**입니다. 이는 2026년 4월 6일부터 적용된 할인차량의 **2시간 이내 기본요금**이며, 2시간을 초과하면 30분당 250원이 추가됩니다.",,"https://avlab.co.kr/gwacheon-science-center-parking-fee-2026/
https://www.zento.kr/blog/parking/national-science-museum-gwacheon-parking
https://smart.science.go.kr/board/view.action?boardId=BBS_0000002&menuCd=DOM_000000101004001000&dataSid=7720",,,"https://smart.science.go.kr/board/view.action?boardId=BBS_0000002&menuCd=DOM_000000101004001000&dataSid=7720
https://www.zento.kr/blog/parking/national-science-museum-gwacheon-parking"
B3,국립중앙박물관 공식 안내 보고 9월 12일 승용차로 세 시간 주차하면 얼마인지 알려줘.,"국립중앙박물관 공식 안내 기준, **2026년 9월 12일 승용차로 3시간 주차하면 7,000원**입니다. 기본 60분 1,000원에 초과 120분(10분당 500원)을 더한 금액이며, 경차·친환경차 등 할인·면제 대상은 제외한 일반 요금입니다. 【6:0†source】",https://www.museum.go.kr/MUSEUM/contents/M0106040000.do?menuId=parking-map,NOT_EXPOSED,,,"https://www.museum.go.kr/MUSEUM/contents/M0106040000.do?menuId=parking-map
https://www.zento.kr/blog/parking/seoul-national-museum-of-korea-parking
https://news.tvchosun.com/site/data/html_dir/2026/06/15/2026061590144.html","국립중앙박물관 공식 안내 기준, **2026년 9월 12일 승용차(15인승 이하)로 3시간 주차하면 7,000원**입니다. 기본 60분 1,000원에 초과 120분(10분당 500원)을 더한 금액이며, 경차·친환경차 등 할인 대상이면 달라질 수 있습니다.",,"https://www.museum.go.kr/MUSEUM/contents/M0106040000.do?menuId=parking-map
https://avlab.co.kr/national-museum-korea-parking-fee-guide/"
B4,서울랜드 공식 안내 보고 당일 이용권이 있으면 정문 주차장이 무료인지 알려줘.,아니요. **서울랜드 정문 주차장은 당일 이용권이 있어도 무료가 아니라 유료**로 안내되어 있습니다. 당일 서울랜드 이용권 또는 영수증으로 1일 1회 무료주차가 적용되는 곳은 후문·동문·쌈이맛 주차장으로 확인됩니다. 【9:1†source】,https://seoulland.co.kr/?p=37,NOT_EXPOSED,"네. 서울랜드 공식 안내에 따르면 **당일 사용한 서울랜드 이용권이나 영수증을 출차 시 제시하면 동문주차장 주차가 무료**입니다. 단, 동물원·미술관·스카이리프트·캠핑장 이용권은 해당되지 않으며, 서울대공원 주차장은 별도 운영되어 무료 적용이 안 됩니다.",,"https://seoulland.co.kr/?p=21&gubunCode=service_faq_1616483992_25
https://avlab.co.kr/seoulland-parking-fee-2026/
https://pouranything.tistory.com/entry/2026-seoul-land-free-pass-price-discount-parking-guide","네. 서울랜드 공식 안내에 따르면 **당일 사용한 서울랜드 이용권이나 영수증을 출차 시 제시하면 동문주차장 주차가 무료**입니다. 단, 서울대공원 주차장은 별도 운영되어 유료이며, 동물원·미술관·스카이리프트·캠핑장 이용권은 무료 적용 대상이 아닙니다.",,"https://seoulland.co.kr/?p=21&gubunCode=service_faq_1616483992_25
https://avlab.co.kr/seoulland-parking-fee-2026/"
B5,광릉 국립수목원 공식 안내 보고 9월 12일 승용차로 가려면 주차도 예약해야 하는지 알려줘.,"네. **9월 12일에 승용차로 광릉 국립수목원에 가려면 주차를 사전 예약해야 합니다.** 공식 안내상 주차장은 **100% 사전 예약제**이며, 예약 차량만 주차장에 들어갈 수 있습니다. 차량 없이 방문할 때만 예약 없이 현장 발권이 가능합니다. 【6:0†source】【6:2†source】","https://reservenew.kna.go.kr/
https://www.kna.go.kr/knaf/user/progrm/selectProgrm.do?upperMenuNo=001",NOT_EXPOSED,"네. **9월 12일에 승용차로 방문하려면 주차 예약이 필수**입니다. 국립수목원은 주차장을 100% 사전예약제로 운영하며, 미예약 차량은 주차장에 들어갈 수 없습니다. 예약은 공식 인터넷 예약시스템에서 주차 시간대와 차량번호를 입력해 진행하세요.",,"https://kna.forest.go.kr/kfsweb/kfi/kfs/cms/cmsView.do?cmsId=FC_003167&mn=UKNA_01_02_01
https://reservenew.kna.go.kr/intro
https://kna.forest.go.kr/kfsweb/kfi/kfs/cms/cmsView.do?cmsId=FC_003267","네. **2026년 9월 12일에 승용차로 광릉 국립수목원에 가려면 차량·주차를 반드시 사전 예약해야 합니다.** 공식 안내상 미예약 차량은 주차장에 들어갈 수 없으며, 예약은 오전(9~13시) 또는 오후(13~18시) 시간대로 진행하고 주차요금은 입장 당일 별도 결제합니다.",,"https://kna.forest.go.kr/kfsweb/kfi/kfs/cms/cmsView.do?mn=UKNA_01_03_01&cmsId=FC_003267%20
https://kna.forest.go.kr/kfsweb/kfi/kfs/cms/cmsView.do?cmsId=FC_003167&mn=UKNA_01_02_01"
